CPU Package,0,380
CPU,0,1
CPU Package,4,401
Motherboard,530,756
Motherboard,34,38
,1,5
,0,4000
CPU Package,0,380
CPU,0,1
CPU Package,4,401
Motherboard,530,756
Motherboard,34,38
,1,5
,0,380
CPU Package,0,380
CPU,0,1
CPU Package,4,401
Motherboard,530,756
Motherboard,34,38
,1,5
,0,380
CPU Package,0,380
CPU,0,1
CPU Package,4,401
Motherboard,530,756
Motherboard,34,38
,1,5
,0,380
CPU Package,0,380
CPU,0,1
CPU Package,4,401
Motherboard,530,756
Motherboard,34,38
,1,5
,0,380
CPU Package,0,380
CPU,0,1
CPU Package,4,401
Motherboard,530,756
Motherboard,34,38
,1,5
,0,380
CPU Package,0,380
CPU,0,1
CPU Package,4,401
Motherboard,530,756
Motherboard,34,38
,1,5
,0,380
CPU Package,0,380
CPU,0,1
CPU Package,4,401
Motherboard,530,756
Motherboard,34,38
,1,5
,0,380
CPU Package,0,380
CPU,0,1
CPU Package,4,401
Motherboard,530,756
Motherboard,34,38
,1,5
,0,380
CPU Package,0,380
CPU,0,1
CPU Package,4,401
Motherboard,530,756
Motherboard,34,38
,1,5
,0,380
CPU Package,0,380
CPU,0,1
CPU Package,4,401
Motherboard,530,756
Motherboard,34,38
,1,5
,0,380
CPU Package,0,380
CPU,0,1
CPU Package,4,401
Motherboard,530,756
Motherboard,34,38
,1,5
,0,380
CPU Package,0,380
CPU,0,1
CPU Package,4,401
Motherboard,530,756
Motherboard,34,38
,1,5
,0,380
CPU Package,0,380
CPU,0,1
CPU Package,4,401
Motherboard,530,756
Motherboard,34,38
,1,5
,0,380
CPU Package,0,380
CPU,0,1
CPU Package,4,401
Motherboard,530,756
Motherboard,34,38
,1,5
,0,380
CPU Package,0,380
CPU,0,1
CPU Package,4,401
Motherboard,530,756
Motherboard,34,38
,1,5
,0,380
CPU Package,0,380
CPU,0,1
CPU Package,4,401
Motherboard,530,756
Motherboard,34,38
,1,5
,0,380
CPU Package,0,380
CPU,0,1
CPU Package,4,401
Motherboard,530,756
Motherboard,34,38
,1,5
,0,380
CPU Package,0,380
CPU,0,1
CPU Package,4,401
Motherboard,530,756
Motherboard,34,38
,1,5
,0,380
CPU Package,0,380
CPU,0,1
CPU Package,4,401
Motherboard,530,756
Motherboard,34,38
,1,5
,0,380
CPU Package,0,380
CPU,0,1
CPU Package,4,401
Motherboard,530,756
Motherboard,34,38
,1,5
,0,380
CPU Package,0,380
CPU,0,1
CPU Package,4,401
Motherboard,530,756
Motherboard,34,38
,1,5
,0,380
CPU Package,0,380
CPU,0,1
CPU Package,4,401
Motherboard,530,756
Motherboard,34,38
,1,5
,0,380
CPU Package,0,380
CPU,0,1
CPU Package,4,401
Motherboard,530,756
Motherboard,34,38
,1,5
,0,380
CPU Package,0,380
CPU,0,1
CPU Package,4,401
Motherboard,530,756
Motherboard,34,38
,1,5
,0,380
CPU Package,0,380
CPU,0,1
CPU Package,4,401
Motherboard,530,756
Motherboard,34,38
,1,5
,0,380CPU Package,0,380
CPU,0,1
CPU Package,4,401
Motherboard,530,756
Motherboard,34,38
,1,5
,0,380
CPU Package,0,380
CPU,0,1
CPU Package,4,401
Motherboard,530,756
Motherboard,34,38
,1,5
,0,380
CPU Package,0,380
CPU,0,1
CPU Package,4,401
Motherboard,530,756
Motherboard,34,38
,1,5
,0,380
CPU Package,0,380
CPU,0,1
CPU Package,4,401
Motherboard,530,756
Motherboard,34,38
,1,5
,0,380
CPU Package,0,380
CPU,0,1
CPU Package,4,401
Motherboard,530,756
Motherboard,34,38
,1,5
,0,380
CPU Package,0,380
CPU,0,1
CPU Package,4,401
Motherboard,530,756
Motherboard,34,38
,1,5
,0,380
CPU Package,0,380
CPU,0,1
CPU Package,4,401
Motherboard,530,756
Motherboard,34,38
,1,5
,0,380
CPU Package,0,380
CPU,0,1
CPU Package,4,401
Motherboard,530,756
Motherboard,34,38
,1,5
,0,380
CPU Package,0,380
CPU,0,1
CPU Package,4,401
Motherboard,530,756
Motherboard,34,38
,1,5
,0,380
CPU Package,0,380
CPU,0,1
CPU Package,4,401
Motherboard,530,756
Motherboard,34,38
,1,5
,0,380
CPU Package,0,380
CPU,0,1
CPU Package,4,401
Motherboard,530,756
Motherboard,34,38
,1,5
,0,380
v
CPU Package,0,380
CPU,0,1
CPU Package,4,401
Motherboard,530,756
Motherboard,34,38
,1,5
,0,380
CPU Package,0,380
CPU,0,1
CPU Package,4,401
Motherboard,530,756
Motherboard,34,38
,1,5
,0,380
CPU Package,0,380
CPU,0,1
CPU Package,4,401
Motherboard,530,756
Motherboard,34,38
,1,5
,0,380
CPU Package,0,380
CPU,0,1
CPU Package,4,401
Motherboard,530,756
Motherboard,34,38
,1,5
,0,380
CPU Package,0,380
CPU,0,1
CPU Package,4,401
Motherboard,530,756
Motherboard,34,38
,1,5
,0,380
CPU Package,0,380
CPU,0,1
CPU Package,4,401
Motherboard,530,756
Motherboard,34,38
,1,5
,0,380
CPU Package,0,380
CPU,0,1
CPU Package,4,401
Motherboard,530,756
Motherboard,34,38
,1,5
,0,380
CPU Package,0,380
CPU,0,1
CPU Package,4,401
Motherboard,530,756
Motherboard,34,38
,1,5
,0,380
CPU Package,0,380
CPU,0,1
CPU Package,4,401
Motherboard,530,756
Motherboard,34,38
,1,5
,0,380
CPU Package,0,380
CPU,0,1
CPU Package,4,401
Motherboard,530,756
Motherboard,34,38
,1,5
,0,380
CPU Package,0,380
CPU,0,1
CPU Package,4,401
Motherboard,530,756
Motherboard,34,38
,1,5
,0,380

CPU Package,0,380
CPU,0,1
CPU Package,4,401
Motherboard,530,756
Motherboard,34,38
,1,5
,0,380
CPU Package,0,380
CPU,0,1
CPU Package,4,401
Motherboard,530,756
Motherboard,34,38
,1,5
,0,380CPU Package,0,380
CPU,0,1
CPU Package,4,401
Motherboard,530,756
Motherboard,34,38
,1,5
,0,380
CPU Package,0,380
CPU,0,1
CPU Package,4,401
Motherboard,530,756
Motherboard,34,38
,1,5
,0,380
CPU Package,0,380
CPU,0,1
CPU Package,4,401
Motherboard,530,756
Motherboard,34,38
,1,5
,0,380
CPU Package,0,380
CPU,0,1
CPU Package,4,401
Motherboard,530,756
Motherboard,34,38
,1,5
,0,380
CPU Package,0,380
CPU,0,1
CPU Package,4,401
Motherboard,530,756
Motherboard,34,38
,1,5
,0,380
CPU Package,0,380
CPU,0,1
CPU Package,4,401
Motherboard,530,756
Motherboard,34,38
,1,5
,0,380
CPU Package,0,380
CPU,0,1
CPU Package,4,401
Motherboard,530,756
Motherboard,34,38
,1,5
,0,380
CPU Package,0,380
CPU,0,1
CPU Package,4,401
Motherboard,530,756
Motherboard,34,38
,1,5
,0,380
CPU Package,0,380
CPU,0,1
CPU Package,4,401
Motherboard,530,756
Motherboard,34,38
,1,5
,0,380
CPU Package,0,380
CPU,0,1
CPU Package,4,401
Motherboard,530,756
Motherboard,34,38
,1,5
,0,380
CPU Package,0,380
CPU,0,1
CPU Package,4,401
Motherboard,530,756
Motherboard,34,38
,1,5
,0,380
CPU Package,0,380
CPU,0,1
CPU Package,4,401
Motherboard,530,756
Motherboard,34,38
,1,5
,0,380
CPU Package,0,380
CPU,0,1
CPU Package,4,401
Motherboard,530,756
Motherboard,34,38
,1,5
,0,380
CPU Package,0,380
CPU,0,1
CPU Package,4,401
Motherboard,530,756
Motherboard,34,38
,1,5
,0,380
CPU Package,0,380
CPU,0,1
CPU Package,4,401
Motherboard,530,756
Motherboard,34,38
,1,5
,0,380
CPU Package,0,380
CPU,0,1
CPU Package,4,401
Motherboard,530,756
Motherboard,34,38
,1,5
,0,380
CPU Package,0,380
CPU,0,1
CPU Package,4,401
Motherboard,530,756
Motherboard,34,38
,1,5
,0,380
CPU Package,0,380
CPU,0,1
CPU Package,4,401
Motherboard,530,756
Motherboard,34,38
,1,5
,0,380
CPU Package,0,380
CPU,0,1
CPU Package,4,401
Motherboard,530,756
Motherboard,34,38
,1,5
,0,380
CPU Package,0,380
CPU,0,1
CPU Package,4,401
Motherboard,530,756
Motherboard,34,38
,1,5
,0,380
CPU Package,0,380
CPU,0,1
CPU Package,4,401
Motherboard,530,756
Motherboard,34,38
,1,5
,0,380
CPU Package,0,380
CPU,0,1
CPU Package,4,401
Motherboard,530,756
Motherboard,34,38
,1,5
,0,380
CPU Package,0,380
CPU,0,1
CPU Package,4,401
Motherboard,530,756
Motherboard,34,38
,1,5
,0,380
CPU Package,0,380
CPU,0,1
CPU Package,4,401
Motherboard,530,756
Motherboard,34,38
,1,5
,0,380
CPU Package,0,380
CPU,0,1
CPU Package,4,401
Motherboard,530,756
Motherboard,34,38
,1,5
,0,380
CPU Package,0,380
CPU,0,1
CPU Package,4,401
Motherboard,530,756
Motherboard,34,38
,1,5
,0,380
CPU Package,0,380
CPU,0,1
CPU Package,4,401
Motherboard,530,756
Motherboard,34,38
,1,5
,0,380
CPU Package,0,380
CPU,0,1
CPU Package,4,401
Motherboard,530,756
Motherboard,34,38
,1,5
,0,380
CPU Package,0,380
CPU,0,1
CPU Package,4,401
Motherboard,530,756
Motherboard,34,38
,1,5
,0,380
CPU Package,0,380
CPU,0,1
CPU Package,4,401
Motherboard,530,756
Motherboard,34,38
,1,5
,0,380
CPU Package,0,380
CPU,0,1
CPU Package,4,401
Motherboard,530,756
Motherboard,34,38
,1,5
,0,380
CPU Package,0,380
CPU,0,1
CPU Package,4,401
Motherboard,530,756
Motherboard,34,38
,1,5
,0,380
CPU Package,0,380
CPU,0,1
CPU Package,4,401
Motherboard,530,756
Motherboard,34,38
,1,5
,0,380
CPU Package,0,380
CPU,0,1
CPU Package,4,401
Motherboard,530,756
Motherboard,34,38
,1,5
,0,380CPU Package,0,380
CPU,0,1
CPU Package,4,401
Motherboard,530,756
Motherboard,34,38
,1,5
,0,380
CPU Package,0,380
CPU,0,1
CPU Package,4,401
Motherboard,530,756
Motherboard,34,38
,1,5
,0,380
CPU Package,0,380
CPU,0,1
CPU Package,4,401
Motherboard,530,756
Motherboard,34,38
,1,5
,0,380
CPU Package,0,380
CPU,0,1
CPU Package,4,401
Motherboard,530,756
Motherboard,34,38
,1,5
,0,380
CPU Package,0,380
CPU,0,1
CPU Package,4,401
Motherboard,530,756
Motherboard,34,38
,1,5
,0,380
CPU Package,0,380
CPU,0,1
CPU Package,4,401
Motherboard,530,756
Motherboard,34,38
,1,5
,0,380
CPU Package,0,380
CPU,0,1
CPU Package,4,401
Motherboard,530,756
Motherboard,34,38
,1,5
,0,380
CPU Package,0,380
CPU,0,1
CPU Package,4,401
Motherboard,530,756
Motherboard,34,38
,1,5
,0,380
CPU Package,0,380
CPU,0,1
CPU Package,4,401
Motherboard,530,756
Motherboard,34,38
,1,5
,0,380
CPU Package,0,380
CPU,0,1
CPU Package,4,401
Motherboard,530,756
Motherboard,34,38
,1,5
,0,380
CPU Package,0,380
CPU,0,1
CPU Package,4,401
Motherboard,530,756
Motherboard,34,38
,1,5
,0,380
v
CPU Package,0,380
CPU,0,1
CPU Package,4,401
Motherboard,530,756
Motherboard,34,38
,1,5
,0,380
CPU Package,0,380
CPU,0,1
CPU Package,4,401
Motherboard,530,756
Motherboard,34,38
,1,5
,0,380
CPU Package,0,380
CPU,0,1
CPU Package,4,401
Motherboard,530,756
Motherboard,34,38
,1,5
,0,380
CPU Package,0,380
CPU,0,1
CPU Package,4,401
Motherboard,530,756
Motherboard,34,38
,1,5
,0,380
CPU Package,0,380
CPU,0,1
CPU Package,4,401
Motherboard,530,756
Motherboard,34,38
,1,5
,0,380
CPU Package,0,380
CPU,0,1
CPU Package,4,401
Motherboard,530,756
Motherboard,34,38
,1,5
,0,380
CPU Package,0,380
CPU,0,1
CPU Package,4,401
Motherboard,530,756
Motherboard,34,38
,1,5
,0,380
CPU Package,0,380
CPU,0,1
CPU Package,4,401
Motherboard,530,756
Motherboard,34,38
,1,5
,0,380
CPU Package,0,380
CPU,0,1
CPU Package,4,401
Motherboard,530,756
Motherboard,34,38
,1,5
,0,380
CPU Package,0,380
CPU,0,1
CPU Package,4,401
Motherboard,530,756
Motherboard,34,38
,1,5
,0,380
CPU Package,0,380
CPU,0,1
CPU Package,4,401
Motherboard,530,756
Motherboard,34,38
,1,5
,0,380

CPU Package,0,380
CPU,0,1
CPU Package,4,401
Motherboard,530,756
Motherboard,34,38
,1,5
,0,380
CPU Package,0,380
CPU,0,1
CPU Package,4,401
Motherboard,530,756
Motherboard,34,38
,1,5
,0,380CPU Package,0,380
CPU,0,1
CPU Package,4,401
Motherboard,530,756
Motherboard,34,38
,1,5
,0,380
CPU Package,0,380
CPU,0,1
CPU Package,4,401
Motherboard,530,756
Motherboard,34,38
,1,5
,0,380
CPU Package,0,380
CPU,0,1
CPU Package,4,401
Motherboard,530,756
Motherboard,34,38
,1,5
,0,380
CPU Package,0,380
CPU,0,1
CPU Package,4,401
Motherboard,530,756
Motherboard,34,38
,1,5
,0,380
CPU Package,0,380
CPU,0,1
CPU Package,4,401
Motherboard,530,756
Motherboard,34,38
,1,5
,0,380
CPU Package,0,380
CPU,0,1
CPU Package,4,401
Motherboard,530,756
Motherboard,34,38
,1,5
,0,380
CPU Package,0,380
CPU,0,1
CPU Package,4,401
Motherboard,530,756
Motherboard,34,38
,1,5
,0,380
CPU Package,0,380
CPU,0,1
CPU Package,4,401
Motherboard,530,756
Motherboard,34,38
,1,5
,0,380
CPU Package,0,380
CPU,0,1
CPU Package,4,401
Motherboard,530,756
Motherboard,34,38
,1,5
,0,380
CPU Package,0,380
CPU,0,1
CPU Package,4,401
Motherboard,530,756
Motherboard,34,38
,1,5
,0,380
CPU Package,0,380
CPU,0,1
CPU Package,4,401
Motherboard,530,756
Motherboard,34,38
,1,5
,0,380
CPU Package,0,380
CPU,0,1
CPU Package,4,401
Motherboard,530,756
Motherboard,34,38
,1,5
,0,380
CPU Package,0,380
CPU,0,1
CPU Package,4,401
Motherboard,530,756
Motherboard,34,38
,1,5
,0,380
CPU Package,0,380
CPU,0,1
CPU Package,4,401
Motherboard,530,756
Motherboard,34,38
,1,5
,0,380
CPU Package,0,380
CPU,0,1
CPU Package,4,401
Motherboard,530,756
Motherboard,34,38
,1,5
,0,380
CPU Package,0,380
CPU,0,1
CPU Package,4,401
Motherboard,530,756
Motherboard,34,38
,1,5
,0,380
CPU Package,0,380
CPU,0,1
CPU Package,4,401
Motherboard,530,756
Motherboard,34,38
,1,5
,0,380
CPU Package,0,380
CPU,0,1
CPU Package,4,401
Motherboard,530,756
Motherboard,34,38
,1,5
,0,380
CPU Package,0,380
CPU,0,1
CPU Package,4,401
Motherboard,530,756
Motherboard,34,38
,1,5
,0,380
CPU Package,0,380
CPU,0,1
CPU Package,4,401
Motherboard,530,756
Motherboard,34,38
,1,5
,0,380
CPU Package,0,380
CPU,0,1
CPU Package,4,401
Motherboard,530,756
Motherboard,34,38
,1,5
,0,380
CPU Package,0,380
CPU,0,1
CPU Package,4,401
Motherboard,530,756
Motherboard,34,38
,1,5
,0,380
CPU Package,0,380
CPU,0,1
CPU Package,4,401
Motherboard,530,756
Motherboard,34,38
,1,5
,0,380
CPU Package,0,380
CPU,0,1
CPU Package,4,401
Motherboard,530,756
Motherboard,34,38
,1,5
,0,380
CPU Package,0,380
CPU,0,1
CPU Package,4,401
Motherboard,530,756
Motherboard,34,38
,1,5
,0,380
CPU Package,0,380
CPU,0,1
CPU Package,4,401
Motherboard,530,756
Motherboard,34,38
,1,5
,0,380
CPU Package,0,380
CPU,0,1
CPU Package,4,401
Motherboard,530,756
Motherboard,34,38
,1,5
,0,380
CPU Package,0,380
CPU,0,1
CPU Package,4,401
Motherboard,530,756
Motherboard,34,38
,1,5
,0,380
CPU Package,0,380
CPU,0,1
CPU Package,4,401
Motherboard,530,756
Motherboard,34,38
,1,5
,0,380
CPU Package,0,380
CPU,0,1
CPU Package,4,401
Motherboard,530,756
Motherboard,34,38
,1,5
,0,380
CPU Package,0,380
CPU,0,1
CPU Package,4,401
Motherboard,530,756
Motherboard,34,38
,1,5
,0,380
CPU Package,0,380
CPU,0,1
CPU Package,4,401
Motherboard,530,756
Motherboard,34,38
,1,5
,0,380
CPU Package,0,380
CPU,0,1
CPU Package,4,401
Motherboard,530,756
Motherboard,34,38
,1,5
,0,380
CPU Package,0,380
CPU,0,1
CPU Package,4,401
Motherboard,530,756
Motherboard,34,38
,1,5
,0,380CPU Package,0,380
CPU,0,1
CPU Package,4,401
Motherboard,530,756
Motherboard,34,38
,1,5
,0,380
CPU Package,0,380
CPU,0,1
CPU Package,4,401
Motherboard,530,756
Motherboard,34,38
,1,5
,0,380
CPU Package,0,380
CPU,0,1
CPU Package,4,401
Motherboard,530,756
Motherboard,34,38
,1,5
,0,380
CPU Package,0,380
CPU,0,1
CPU Package,4,401
Motherboard,530,756
Motherboard,34,38
,1,5
,0,380
CPU Package,0,380
CPU,0,1
CPU Package,4,401
Motherboard,530,756
Motherboard,34,38
,1,5
,0,380
CPU Package,0,380
CPU,0,1
CPU Package,4,401
Motherboard,530,756
Motherboard,34,38
,1,5
,0,380
CPU Package,0,380
CPU,0,1
CPU Package,4,401
Motherboard,530,756
Motherboard,34,38
,1,5
,0,380
CPU Package,0,380
CPU,0,1
CPU Package,4,401
Motherboard,530,756
Motherboard,34,38
,1,5
,0,380
CPU Package,0,380
CPU,0,1
CPU Package,4,401
Motherboard,530,756
Motherboard,34,38
,1,5
,0,380
CPU Package,0,380
CPU,0,1
CPU Package,4,401
Motherboard,530,756
Motherboard,34,38
,1,5
,0,380
CPU Package,0,380
CPU,0,1
CPU Package,4,401
Motherboard,530,756
Motherboard,34,38
,1,5
,0,380
v
CPU Package,0,380
CPU,0,1
CPU Package,4,401
Motherboard,530,756
Motherboard,34,38
,1,5
,0,380
CPU Package,0,380
CPU,0,1
CPU Package,4,401
Motherboard,530,756
Motherboard,34,38
,1,5
,0,380
CPU Package,0,380
CPU,0,1
CPU Package,4,401
Motherboard,530,756
Motherboard,34,38
,1,5
,0,380
CPU Package,0,380
CPU,0,1
CPU Package,4,401
Motherboard,530,756
Motherboard,34,38
,1,5
,0,380
CPU Package,0,380
CPU,0,1
CPU Package,4,401
Motherboard,530,756
Motherboard,34,38
,1,5
,0,380
CPU Package,0,380
CPU,0,1
CPU Package,4,401
Motherboard,530,756
Motherboard,34,38
,1,5
,0,380
CPU Package,0,380
CPU,0,1
CPU Package,4,401
Motherboard,530,756
Motherboard,34,38
,1,5
,0,380
CPU Package,0,380
CPU,0,1
CPU Package,4,401
Motherboard,530,756
Motherboard,34,38
,1,5
,0,380
CPU Package,0,380
CPU,0,1
CPU Package,4,401
Motherboard,530,756
Motherboard,34,38
,1,5
,0,380
CPU Package,0,380
CPU,0,1
CPU Package,4,401
Motherboard,530,756
Motherboard,34,38
,1,5
,0,380
CPU Package,0,380
CPU,0,1
CPU Package,4,401
Motherboard,530,756
Motherboard,34,38
,1,5
,0,380

CPU Package,0,380
CPU,0,1
CPU Package,4,401
Motherboard,530,756
Motherboard,34,38
,1,5
,0,380
CPU Package,0,380
CPU,0,1
CPU Package,4,401
Motherboard,530,756
Motherboard,34,38
,1,5
,0,380CPU Package,0,380
CPU,0,1
CPU Package,4,401
Motherboard,530,756
Motherboard,34,38
,1,5
,0,380
CPU Package,0,380
CPU,0,1
CPU Package,4,401
Motherboard,530,756
Motherboard,34,38
,1,5
,0,380
CPU Package,0,380
CPU,0,1
CPU Package,4,401
Motherboard,530,756
Motherboard,34,38
,1,5
,0,380
CPU Package,0,380
CPU,0,1
CPU Package,4,401
Motherboard,530,756
Motherboard,34,38
,1,5
,0,380
CPU Package,0,380
CPU,0,1
CPU Package,4,401
Motherboard,530,756
Motherboard,34,38
,1,5
,0,380
CPU Package,0,380
CPU,0,1
CPU Package,4,401
Motherboard,530,756
Motherboard,34,38
,1,5
,0,380
CPU Package,0,380
CPU,0,1
CPU Package,4,401
Motherboard,530,756
Motherboard,34,38
,1,5
,0,380
CPU Package,0,380
CPU,0,1
CPU Package,4,401
Motherboard,530,756
Motherboard,34,38
,1,5
,0,380
CPU Package,0,380
CPU,0,1
CPU Package,4,401
Motherboard,530,756
Motherboard,34,38
,1,5
,0,380
CPU Package,0,380
CPU,0,1
CPU Package,4,401
Motherboard,530,756
Motherboard,34,38
,1,5
,0,380
CPU Package,0,380
CPU,0,1
CPU Package,4,401
Motherboard,530,756
Motherboard,34,38
,1,5
,0,380
CPU Package,0,380
CPU,0,1
CPU Package,4,401
Motherboard,530,756
Motherboard,34,38
,1,5
,0,380
CPU Package,0,380
CPU,0,1
CPU Package,4,401
Motherboard,530,756
Motherboard,34,38
,1,5
,0,380
CPU Package,0,380
CPU,0,1
CPU Package,4,401
Motherboard,530,756
Motherboard,34,38
,1,5
,0,380
CPU Package,0,380
CPU,0,1
CPU Package,4,401
Motherboard,530,756
Motherboard,34,38
,1,5
,0,380
CPU Package,0,380
CPU,0,1
CPU Package,4,401
Motherboard,530,756
Motherboard,34,38
,1,5
,0,380
CPU Package,0,380
CPU,0,1
CPU Package,4,401
Motherboard,530,756
Motherboard,34,38
,1,5
,0,380
CPU Package,0,380
CPU,0,1
CPU Package,4,401
Motherboard,530,756
Motherboard,34,38
,1,5
,0,380
CPU Package,0,380
CPU,0,1
CPU Package,4,401
Motherboard,530,756
Motherboard,34,38
,1,5
,0,380
CPU Package,0,380
CPU,0,1
CPU Package,4,401
Motherboard,530,756
Motherboard,34,38
,1,5
,0,380
CPU Package,0,380
CPU,0,1
CPU Package,4,401
Motherboard,530,756
Motherboard,34,38
,1,5
,0,380
CPU Package,0,380
CPU,0,1
CPU Package,4,401
Motherboard,530,756
Motherboard,34,38
,1,5
,0,380
CPU Package,0,380
CPU,0,1
CPU Package,4,401
Motherboard,530,756
Motherboard,34,38
,1,5
,0,380
CPU Package,0,380
CPU,0,1
CPU Package,4,401
Motherboard,530,756
Motherboard,34,38
,1,5
,0,380
CPU Package,0,380
CPU,0,1
CPU Package,4,401
Motherboard,530,756
Motherboard,34,38
,1,5
,0,380
CPU Package,0,380
CPU,0,1
CPU Package,4,401
Motherboard,530,756
Motherboard,34,38
,1,5
,0,380
CPU Package,0,380
CPU,0,1
CPU Package,4,401
Motherboard,530,756
Motherboard,34,38
,1,5
,0,380
CPU Package,0,380
CPU,0,1
CPU Package,4,401
Motherboard,530,756
Motherboard,34,38
,1,5
,0,380
CPU Package,0,380
CPU,0,1
CPU Package,4,401
Motherboard,530,756
Motherboard,34,38
,1,5
,0,380
CPU Package,0,380
CPU,0,1
CPU Package,4,401
Motherboard,530,756
Motherboard,34,38
,1,5
,0,380
CPU Package,0,380
CPU,0,1
CPU Package,4,401
Motherboard,530,756
Motherboard,34,38
,1,5
,0,380
CPU Package,0,380
CPU,0,1
CPU Package,4,401
Motherboard,530,756
Motherboard,34,38
,1,5
,0,380
CPU Package,0,380
CPU,0,1
CPU Package,4,401
Motherboard,530,756
Motherboard,34,38
,1,5
,0,380
CPU Package,0,380
CPU,0,1
CPU Package,4,401
Motherboard,530,756
Motherboard,34,38
,1,5
,0,380CPU Package,0,380
CPU,0,1
CPU Package,4,401
Motherboard,530,756
Motherboard,34,38
,1,5
,0,380
CPU Package,0,380
CPU,0,1
CPU Package,4,401
Motherboard,530,756
Motherboard,34,38
,1,5
,0,380
CPU Package,0,380
CPU,0,1
CPU Package,4,401
Motherboard,530,756
Motherboard,34,38
,1,5
,0,380
CPU Package,0,380
CPU,0,1
CPU Package,4,401
Motherboard,530,756
Motherboard,34,38
,1,5
,0,380
CPU Package,0,380
CPU,0,1
CPU Package,4,401
Motherboard,530,756
Motherboard,34,38
,1,5
,0,380
CPU Package,0,380
CPU,0,1
CPU Package,4,401
Motherboard,530,756
Motherboard,34,38
,1,5
,0,380
CPU Package,0,380
CPU,0,1
CPU Package,4,401
Motherboard,530,756
Motherboard,34,38
,1,5
,0,380
CPU Package,0,380
CPU,0,1
CPU Package,4,401
Motherboard,530,756
Motherboard,34,38
,1,5
,0,380
CPU Package,0,380
CPU,0,1
CPU Package,4,401
Motherboard,530,756
Motherboard,34,38
,1,5
,0,380
CPU Package,0,380
CPU,0,1
CPU Package,4,401
Motherboard,530,756
Motherboard,34,38
,1,5
,0,380
CPU Package,0,380
CPU,0,1
CPU Package,4,401
Motherboard,530,756
Motherboard,34,38
,1,5
,0,380
v
CPU Package,0,380
CPU,0,1
CPU Package,4,401
Motherboard,530,756
Motherboard,34,38
,1,5
,0,380
CPU Package,0,380
CPU,0,1
CPU Package,4,401
Motherboard,530,756
Motherboard,34,38
,1,5
,0,380
CPU Package,0,380
CPU,0,1
CPU Package,4,401
Motherboard,530,756
Motherboard,34,38
,1,5
,0,380
CPU Package,0,380
CPU,0,1
CPU Package,4,401
Motherboard,530,756
Motherboard,34,38
,1,5
,0,380
CPU Package,0,380
CPU,0,1
CPU Package,4,401
Motherboard,530,756
Motherboard,34,38
,1,5
,0,380
CPU Package,0,380
CPU,0,1
CPU Package,4,401
Motherboard,530,756
Motherboard,34,38
,1,5
,0,380
CPU Package,0,380
CPU,0,1
CPU Package,4,401
Motherboard,530,756
Motherboard,34,38
,1,5
,0,380
CPU Package,0,380
CPU,0,1
CPU Package,4,401
Motherboard,530,756
Motherboard,34,38
,1,5
,0,380
CPU Package,0,380
CPU,0,1
CPU Package,4,401
Motherboard,530,756
Motherboard,34,38
,1,5
,0,380
CPU Package,0,380
CPU,0,1
CPU Package,4,401
Motherboard,530,756
Motherboard,34,38
,1,5
,0,380
CPU Package,0,380
CPU,0,1
CPU Package,4,401
Motherboard,530,756
Motherboard,34,38
,1,5
,0,380

CPU Package,0,380
CPU,0,1
CPU Package,4,401
Motherboard,530,756
Motherboard,34,38
,1,5
,0,380
CPU Package,0,380
CPU,0,1
CPU Package,4,401
Motherboard,530,756
Motherboard,34,38
,1,5
,0,380CPU Package,0,380
CPU,0,1
CPU Package,4,401
Motherboard,530,756
Motherboard,34,38
,1,5
,0,380
CPU Package,0,380
CPU,0,1
CPU Package,4,401
Motherboard,530,756
Motherboard,34,38
,1,5
,0,380
CPU Package,0,380
CPU,0,1
CPU Package,4,401
Motherboard,530,756
Motherboard,34,38
,1,5
,0,380
CPU Package,0,380
CPU,0,1
CPU Package,4,401
Motherboard,530,756
Motherboard,34,38
,1,5
,0,380
CPU Package,0,380
CPU,0,1
CPU Package,4,401
Motherboard,530,756
Motherboard,34,38
,1,5
,0,380
CPU Package,0,380
CPU,0,1
CPU Package,4,401
Motherboard,530,756
Motherboard,34,38
,1,5
,0,380
CPU Package,0,380
CPU,0,1
CPU Package,4,401
Motherboard,530,756
Motherboard,34,38
,1,5
,0,380
CPU Package,0,380
CPU,0,1
CPU Package,4,401
Motherboard,530,756
Motherboard,34,38
,1,5
,0,380
CPU Package,0,380
CPU,0,1
CPU Package,4,401
Motherboard,530,756
Motherboard,34,38
,1,5
,0,4000
CPU Package,0,380
CPU,0,1
CPU Package,4,401
Motherboard,530,756
Motherboard,34,38
,1,5
,0,380
CPU Package,0,380
CPU,0,1
CPU Package,4,401
Motherboard,530,756
Motherboard,34,38
,1,5
,0,380
CPU Package,0,380
CPU,0,1
CPU Package,4,401
Motherboard,530,756
Motherboard,34,38
,1,5
,0,380
CPU Package,0,380
CPU,0,1
CPU Package,4,401
Motherboard,530,756
Motherboard,34,38
,1,5
,0,380
CPU Package,0,380
CPU,0,1
CPU Package,4,401
Motherboard,530,756
Motherboard,34,38
,1,5
,0,380
CPU Package,0,380
CPU,0,1
CPU Package,4,401
Motherboard,530,756
Motherboard,34,38
,1,5
,0,380
CPU Package,0,380
CPU,0,1
CPU Package,4,401
Motherboard,530,756
Motherboard,34,38
,1,5
,0,380
CPU Package,0,380
CPU,0,1
CPU Package,4,401
Motherboard,530,756
Motherboard,34,38
,1,5
,0,380
CPU Package,0,380
CPU,0,1
CPU Package,4,401
Motherboard,530,756
Motherboard,34,38
,1,5
,0,380
CPU Package,0,380
CPU,0,1
CPU Package,4,401
Motherboard,530,756
Motherboard,34,38
,1,5
,0,380
CPU Package,0,380
CPU,0,1
CPU Package,4,401
Motherboard,530,756
Motherboard,34,38
,1,5
,0,380
CPU Package,0,380
CPU,0,1
CPU Package,4,401
Motherboard,530,756
Motherboard,34,38
,1,5
,0,380
CPU Package,0,380
CPU,0,1
CPU Package,4,401
Motherboard,530,756
Motherboard,34,38
,1,5
,0,380
CPU Package,0,380
CPU,0,1
CPU Package,4,401
Motherboard,530,756
Motherboard,34,38
,1,5
,0,380
CPU Package,0,380
CPU,0,1
CPU Package,4,401
Motherboard,530,756
Motherboard,34,38
,1,5
,0,380
CPU Package,0,380
CPU,0,1
CPU Package,4,401
Motherboard,530,756
Motherboard,34,38
,1,5
,0,380
CPU Package,0,380
CPU,0,1
CPU Package,4,401
Motherboard,530,756
Motherboard,34,38
,1,5
,0,380
CPU Package,0,380
CPU,0,1
CPU Package,4,401
Motherboard,530,756
Motherboard,34,38
,1,5
,0,380
CPU Package,0,380
CPU,0,1
CPU Package,4,401
Motherboard,530,756
Motherboard,34,38
,1,5
,0,380
CPU Package,0,380
CPU,0,1
CPU Package,4,401
Motherboard,530,756
Motherboard,34,38
,1,5
,0,380
CPU Package,0,380
CPU,0,1
CPU Package,4,401
Motherboard,530,756
Motherboard,34,38
,1,5
,0,380
CPU Package,0,380
CPU,0,1
CPU Package,4,401
Motherboard,530,756
Motherboard,34,38
,1,5
,0,380
CPU Package,0,380
CPU,0,1
CPU Package,4,401
Motherboard,530,756
Motherboard,34,38
,1,5
,0,380
CPU Package,0,380
CPU,0,1
CPU Package,4,401
Motherboard,530,756
Motherboard,34,38
,1,5
,0,380
CPU Package,0,380
CPU,0,1
CPU Package,4,401
Motherboard,530,756
Motherboard,34,38
,1,5
,0,380CPU Package,0,380
CPU,0,1
CPU Package,4,401
Motherboard,530,756
Motherboard,34,38
,1,5
,0,380
CPU Package,0,380
CPU,0,1
CPU Package,4,401
Motherboard,530,756
Motherboard,34,38
,1,5
,0,380
CPU Package,0,380
CPU,0,1
CPU Package,4,401
Motherboard,530,756
Motherboard,34,38
,1,5
,0,380
CPU Package,0,380
CPU,0,1
CPU Package,4,401
Motherboard,530,756
Motherboard,34,38
,1,5
,0,380
CPU Package,0,380
CPU,0,1
CPU Package,4,401
Motherboard,530,756
Motherboard,34,38
,1,5
,0,380
CPU Package,0,380
CPU,0,1
CPU Package,4,401
Motherboard,530,756
Motherboard,34,38
,1,5
,0,380
CPU Package,0,380
CPU,0,1
CPU Package,4,401
Motherboard,530,756
Motherboard,34,38
,1,5
,0,380
CPU Package,0,380
CPU,0,1
CPU Package,4,401
Motherboard,530,756
Motherboard,34,38
,1,5
,0,380
CPU Package,0,380
CPU,0,1
CPU Package,4,401
Motherboard,530,756
Motherboard,34,38
,1,5
,0,380
CPU Package,0,380
CPU,0,1
CPU Package,4,401
Motherboard,530,756
Motherboard,34,38
,1,5
,0,380
CPU Package,0,380
CPU,0,1
CPU Package,4,401
Motherboard,530,756
Motherboard,34,38
,1,5
,0,380
v
CPU Package,0,380
CPU,0,1
CPU Package,4,401
Motherboard,530,756
Motherboard,34,38
,1,5
,0,380
CPU Package,0,380
CPU,0,1
CPU Package,4,401
Motherboard,530,756
Motherboard,34,38
,1,5
,0,380
CPU Package,0,380
CPU,0,1
CPU Package,4,401
Motherboard,530,756
Motherboard,34,38
,1,5
,0,380
CPU Package,0,380
CPU,0,1
CPU Package,4,401
Motherboard,530,756
Motherboard,34,38
,1,5
,0,380
CPU Package,0,380
CPU,0,1
CPU Package,4,401
Motherboard,530,756
Motherboard,34,38
,1,5
,0,380
CPU Package,0,380
CPU,0,1
CPU Package,4,401
Motherboard,530,756
Motherboard,34,38
,1,5
,0,380
CPU Package,0,380
CPU,0,1
CPU Package,4,401
Motherboard,530,756
Motherboard,34,38
,1,5
,0,380
CPU Package,0,380
CPU,0,1
CPU Package,4,401
Motherboard,530,756
Motherboard,34,38
,1,5
,0,380
CPU Package,0,380
CPU,0,1
CPU Package,4,401
Motherboard,530,756
Motherboard,34,38
,1,5
,0,380
CPU Package,0,380
CPU,0,1
CPU Package,4,401
Motherboard,530,756
Motherboard,34,38
,1,5
,0,380
CPU Package,0,380
CPU,0,1
CPU Package,4,401
Motherboard,530,756
Motherboard,34,38
,1,5
,0,380

CPU Package,0,380
CPU,0,1
CPU Package,4,401
Motherboard,530,756
Motherboard,34,38
,1,5
,0,380
CPU Package,0,380
CPU,0,1
CPU Package,4,401
Motherboard,530,756
Motherboard,34,38
,1,5
,0,380CPU Package,0,380
CPU,0,1
CPU Package,4,401
Motherboard,530,756
Motherboard,34,38
,1,5
,0,380
CPU Package,0,380
CPU,0,1
CPU Package,4,401
Motherboard,530,756
Motherboard,34,38
,1,5
,0,380
CPU Package,0,380
CPU,0,1
CPU Package,4,401
Motherboard,530,756
Motherboard,34,38
,1,5
,0,380
CPU Package,0,380
CPU,0,1
CPU Package,4,401
Motherboard,530,756
Motherboard,34,38
,1,5
,0,380
CPU Package,0,380
CPU,0,1
CPU Package,4,401
Motherboard,530,756
Motherboard,34,38
,1,5
,0,380
CPU Package,0,380
CPU,0,1
CPU Package,4,401
Motherboard,530,756
Motherboard,34,38
,1,5
,0,380
CPU Package,0,380
CPU,0,1
CPU Package,4,401
Motherboard,530,756
Motherboard,34,38
,1,5
,0,380
CPU Package,0,380
CPU,0,1
CPU Package,4,401
Motherboard,530,756
Motherboard,34,38
,1,5
,0,380
CPU Package,0,380
CPU,0,1
CPU Package,4,401
Motherboard,530,756
Motherboard,34,38
,1,5
,0,380
CPU Package,0,380
CPU,0,1
CPU Package,4,401
Motherboard,530,756
Motherboard,34,38
,1,5
,0,380
CPU Package,0,380
CPU,0,1
CPU Package,4,401
Motherboard,530,756
Motherboard,34,38
,1,5
,0,380
CPU Package,0,380
CPU,0,1
CPU Package,4,401
Motherboard,530,756
Motherboard,34,38
,1,5
,0,380
CPU Package,0,380
CPU,0,1
CPU Package,4,401
Motherboard,530,756
Motherboard,34,38
,1,5
,0,380
CPU Package,0,380
CPU,0,1
CPU Package,4,401
Motherboard,530,756
Motherboard,34,38
,1,5
,0,380
CPU Package,0,380
CPU,0,1
CPU Package,4,401
Motherboard,530,756
Motherboard,34,38
,1,5
,0,380
CPU Package,0,380
CPU,0,1
CPU Package,4,401
Motherboard,530,756
Motherboard,34,38
,1,5
,0,380
CPU Package,0,380
CPU,0,1
CPU Package,4,401
Motherboard,530,756
Motherboard,34,38
,1,5
,0,380
CPU Package,0,380
CPU,0,1
CPU Package,4,401
Motherboard,530,756
Motherboard,34,38
,1,5
,0,380
CPU Package,0,380
CPU,0,1
CPU Package,4,401
Motherboard,530,756
Motherboard,34,38
,1,5
,0,380
CPU Package,0,380
CPU,0,1
CPU Package,4,401
Motherboard,530,756
Motherboard,34,38
,1,5
,0,380
CPU Package,0,380
CPU,0,1
CPU Package,4,401
Motherboard,530,756
Motherboard,34,38
,1,5
,0,380
CPU Package,0,380
CPU,0,1
CPU Package,4,401
Motherboard,530,756
Motherboard,34,38
,1,5
,0,380
CPU Package,0,380
CPU,0,1
CPU Package,4,401
Motherboard,530,756
Motherboard,34,38
,1,5
,0,380
CPU Package,0,380
CPU,0,1
CPU Package,4,401
Motherboard,530,756
Motherboard,34,38
,1,5
,0,380
CPU Package,0,380
CPU,0,1
CPU Package,4,401
Motherboard,530,756
Motherboard,34,38
,1,5
,0,380
CPU Package,0,380
CPU,0,1
CPU Package,4,401
Motherboard,530,756
Motherboard,34,38
,1,5
,0,380
CPU Package,0,380
CPU,0,1
CPU Package,4,401
Motherboard,530,756
Motherboard,34,38
,1,5
,0,380
CPU Package,0,380
CPU,0,1
CPU Package,4,401
Motherboard,530,756
Motherboard,34,38
,1,5
,0,380
CPU Package,0,380
CPU,0,1
CPU Package,4,401
Motherboard,530,756
Motherboard,34,38
,1,5
,0,380
CPU Package,0,380
CPU,0,1
CPU Package,4,401
Motherboard,530,756
Motherboard,34,38
,1,5
,0,380
CPU Package,0,380
CPU,0,1
CPU Package,4,401
Motherboard,530,756
Motherboard,34,38
,1,5
,0,380
CPU Package,0,380
CPU,0,1
CPU Package,4,401
Motherboard,530,756
Motherboard,34,38
,1,5
,0,380
CPU Package,0,380
CPU,0,1
CPU Package,4,401
Motherboard,530,756
Motherboard,34,38
,1,5
,0,380
CPU Package,0,380
CPU,0,1
CPU Package,4,401
Motherboard,530,756
Motherboard,34,38
,1,5
,0,380CPU Package,0,380
CPU,0,1
CPU Package,4,401
Motherboard,530,756
Motherboard,34,38
,1,5
,0,380
CPU Package,0,380
CPU,0,1
CPU Package,4,401
Motherboard,530,756
Motherboard,34,38
,1,5
,0,380
CPU Package,0,380
CPU,0,1
CPU Package,4,401
Motherboard,530,756
Motherboard,34,38
,1,5
,0,380
CPU Package,0,380
CPU,0,1
CPU Package,4,401
Motherboard,530,756
Motherboard,34,38
,1,5
,0,380
CPU Package,0,380
CPU,0,1
CPU Package,4,401
Motherboard,530,756
Motherboard,34,38
,1,5
,0,380
CPU Package,0,380
CPU,0,1
CPU Package,4,401
Motherboard,530,756
Motherboard,34,38
,1,5
,0,380
CPU Package,0,380
CPU,0,1
CPU Package,4,401
Motherboard,530,756
Motherboard,34,38
,1,5
,0,380
CPU Package,0,380
CPU,0,1
CPU Package,4,401
Motherboard,530,756
Motherboard,34,38
,1,5
,0,380
CPU Package,0,380
CPU,0,1
CPU Package,4,401
Motherboard,530,756
Motherboard,34,38
,1,5
,0,380
CPU Package,0,380
CPU,0,1
CPU Package,4,401
Motherboard,530,756
Motherboard,34,38
,1,5
,0,380
CPU Package,0,380
CPU,0,1
CPU Package,4,401
Motherboard,530,756
Motherboard,34,38
,1,5
,0,380
v
CPU Package,0,380
CPU,0,1
CPU Package,4,401
Motherboard,530,756
Motherboard,34,38
,1,5
,0,380
CPU Package,0,380
CPU,0,1
CPU Package,4,401
Motherboard,530,756
Motherboard,34,38
,1,5
,0,380
CPU Package,0,380
CPU,0,1
CPU Package,4,401
Motherboard,530,756
Motherboard,34,38
,1,5
,0,380
CPU Package,0,380
CPU,0,1
CPU Package,4,401
Motherboard,530,756
Motherboard,34,38
,1,5
,0,380
CPU Package,0,380
CPU,0,1
CPU Package,4,401
Motherboard,530,756
Motherboard,34,38
,1,5
,0,380
CPU Package,0,380
CPU,0,1
CPU Package,4,401
Motherboard,530,756
Motherboard,34,38
,1,5
,0,380
CPU Package,0,380
CPU,0,1
CPU Package,4,401
Motherboard,530,756
Motherboard,34,38
,1,5
,0,380
CPU Package,0,380
CPU,0,1
CPU Package,4,401
Motherboard,530,756
Motherboard,34,38
,1,5
,0,380
CPU Package,0,380
CPU,0,1
CPU Package,4,401
Motherboard,530,756
Motherboard,34,38
,1,5
,0,380
CPU Package,0,380
CPU,0,1
CPU Package,4,401
Motherboard,530,756
Motherboard,34,38
,1,5
,0,380
CPU Package,0,380
CPU,0,1
CPU Package,4,401
Motherboard,530,756
Motherboard,34,38
,1,5
,0,380

CPU Package,0,380
CPU,0,1
CPU Package,4,401
Motherboard,530,756
Motherboard,34,38
,1,5
,0,380
CPU Package,0,380
CPU,0,1
CPU Package,4,401
Motherboard,530,756
Motherboard,34,38
,1,5
,0,380CPU Package,0,380
CPU,0,1
CPU Package,4,401
Motherboard,530,756
Motherboard,34,38
,1,5
,0,380
CPU Package,0,380
CPU,0,1
CPU Package,4,401
Motherboard,530,756
Motherboard,34,38
,1,5
,0,380
CPU Package,0,380
CPU,0,1
CPU Package,4,401
Motherboard,530,756
Motherboard,34,38
,1,5
,0,380
CPU Package,0,380
CPU,0,1
CPU Package,4,401
Motherboard,530,756
Motherboard,34,38
,1,5
,0,380
CPU Package,0,380
CPU,0,1
CPU Package,4,401
Motherboard,530,756
Motherboard,34,38
,1,5
,0,380
CPU Package,0,380
CPU,0,1
CPU Package,4,401
Motherboard,530,756
Motherboard,34,38
,1,5
,0,380
CPU Package,0,380
CPU,0,1
CPU Package,4,401
Motherboard,530,756
Motherboard,34,38
,1,5
,0,380
CPU Package,0,380
CPU,0,1
CPU Package,4,401
Motherboard,530,756
Motherboard,34,38
,1,5
,0,380
CPU Package,0,380
CPU,0,1
CPU Package,4,401
Motherboard,530,756
Motherboard,34,38
,1,5
,0,380
CPU Package,0,380
CPU,0,1
CPU Package,4,401
Motherboard,530,756
Motherboard,34,38
,1,5
,0,380
CPU Package,0,380
CPU,0,1
CPU Package,4,401
Motherboard,530,756
Motherboard,34,38
,1,5
,0,380
CPU Package,0,380
CPU,0,1
CPU Package,4,401
Motherboard,530,756
Motherboard,34,38
,1,5
,0,380
CPU Package,0,380
CPU,0,1
CPU Package,4,401
Motherboard,530,756
Motherboard,34,38
,1,5
,0,380
CPU Package,0,380
CPU,0,1
CPU Package,4,401
Motherboard,530,756
Motherboard,34,38
,1,5
,0,380
CPU Package,0,380
CPU,0,1
CPU Package,4,401
Motherboard,530,756
Motherboard,34,38
,1,5
,0,380
CPU Package,0,380
CPU,0,1
CPU Package,4,401
Motherboard,530,756
Motherboard,34,38
,1,5
,0,380
CPU Package,0,380
CPU,0,1
CPU Package,4,401
Motherboard,530,756
Motherboard,34,38
,1,5
,0,380
CPU Package,0,380
CPU,0,1
CPU Package,4,401
Motherboard,530,756
Motherboard,34,38
,1,5
,0,380
CPU Package,0,380
CPU,0,1
CPU Package,4,401
Motherboard,530,756
Motherboard,34,38
,1,5
,0,380
CPU Package,0,380
CPU,0,1
CPU Package,4,401
Motherboard,530,756
Motherboard,34,38
,1,5
,0,380
CPU Package,0,380
CPU,0,1
CPU Package,4,401
Motherboard,530,756
Motherboard,34,38
,1,5
,0,380
CPU Package,0,380
CPU,0,1
CPU Package,4,401
Motherboard,530,756
Motherboard,34,38
,1,5
,0,380
CPU Package,0,380
CPU,0,1
CPU Package,4,401
Motherboard,530,756
Motherboard,34,38
,1,5
,0,380
CPU Package,0,380
CPU,0,1
CPU Package,4,401
Motherboard,530,756
Motherboard,34,38
,1,5
,0,380
CPU Package,0,380
CPU,0,1
CPU Package,4,401
Motherboard,530,756
Motherboard,34,38
,1,5
,0,380
CPU Package,0,380
CPU,0,1
CPU Package,4,401
Motherboard,530,756
Motherboard,34,38
,1,5
,0,380
CPU Package,0,380
CPU,0,1
CPU Package,4,401
Motherboard,530,756
Motherboard,34,38
,1,5
,0,380
CPU Package,0,380
CPU,0,1
CPU Package,4,401
Motherboard,530,756
Motherboard,34,38
,1,5
,0,380
CPU Package,0,380
CPU,0,1
CPU Package,4,401
Motherboard,530,756
Motherboard,34,38
,1,5
,0,380
CPU Package,0,380
CPU,0,1
CPU Package,4,401
Motherboard,530,756
Motherboard,34,38
,1,5
,0,380
CPU Package,0,380
CPU,0,1
CPU Package,4,401
Motherboard,530,756
Motherboard,34,38
,1,5
,0,380
CPU Package,0,380
CPU,0,1
CPU Package,4,401
Motherboard,530,756
Motherboard,34,38
,1,5
,0,380
CPU Package,0,380
CPU,0,1
CPU Package,4,401
Motherboard,530,756
Motherboard,34,38
,1,5
,0,380
CPU Package,0,380
CPU,0,1
CPU Package,4,401
Motherboard,530,756
Motherboard,34,38
,1,5
,0,380CPU Package,0,380
CPU,0,1
CPU Package,4,401
Motherboard,530,756
Motherboard,34,38
,1,5
,0,380
CPU Package,0,380
CPU,0,1
CPU Package,4,401
Motherboard,530,756
Motherboard,34,38
,1,5
,0,380
CPU Package,0,380
CPU,0,1
CPU Package,4,401
Motherboard,530,756
Motherboard,34,38
,1,5
,0,380
CPU Package,0,380
CPU,0,1
CPU Package,4,401
Motherboard,530,756
Motherboard,34,38
,1,5
,0,380
CPU Package,0,380
CPU,0,1
CPU Package,4,401
Motherboard,530,756
Motherboard,34,38
,1,5
,0,380
CPU Package,0,380
CPU,0,1
CPU Package,4,401
Motherboard,530,756
Motherboard,34,38
,1,5
,0,380
CPU Package,0,380
CPU,0,1
CPU Package,4,401
Motherboard,530,756
Motherboard,34,38
,1,5
,0,380
CPU Package,0,380
CPU,0,1
CPU Package,4,401
Motherboard,530,756
Motherboard,34,38
,1,5
,0,380
CPU Package,0,380
CPU,0,1
CPU Package,4,401
Motherboard,530,756
Motherboard,34,38
,1,5
,0,380
CPU Package,0,380
CPU,0,1
CPU Package,4,401
Motherboard,530,756
Motherboard,34,38
,1,5
,0,380
CPU Package,0,380
CPU,0,1
CPU Package,4,401
Motherboard,530,756
Motherboard,34,38
,1,5
,0,380
v
CPU Package,0,380
CPU,0,1
CPU Package,4,401
Motherboard,530,756
Motherboard,34,38
,1,5
,0,380
CPU Package,0,380
CPU,0,1
CPU Package,4,401
Motherboard,530,756
Motherboard,34,38
,1,5
,0,380
CPU Package,0,380
CPU,0,1
CPU Package,4,401
Motherboard,530,756
Motherboard,34,38
,1,5
,0,380
CPU Package,0,380
CPU,0,1
CPU Package,4,401
Motherboard,530,756
Motherboard,34,38
,1,5
,0,380
CPU Package,0,380
CPU,0,1
CPU Package,4,401
Motherboard,530,756
Motherboard,34,38
,1,5
,0,380
CPU Package,0,380
CPU,0,1
CPU Package,4,401
Motherboard,530,756
Motherboard,34,38
,1,5
,0,380
CPU Package,0,380
CPU,0,1
CPU Package,4,401
Motherboard,530,756
Motherboard,34,38
,1,5
,0,380
CPU Package,0,380
CPU,0,1
CPU Package,4,401
Motherboard,530,756
Motherboard,34,38
,1,5
,0,380
CPU Package,0,380
CPU,0,1
CPU Package,4,401
Motherboard,530,756
Motherboard,34,38
,1,5
,0,380
CPU Package,0,380
CPU,0,1
CPU Package,4,401
Motherboard,530,756
Motherboard,34,38
,1,5
,0,380
CPU Package,0,380
CPU,0,1
CPU Package,4,401
Motherboard,530,756
Motherboard,34,38
,1,5
,0,380

CPU Package,0,380
CPU,0,1
CPU Package,4,401
Motherboard,530,756
Motherboard,34,38
,1,5
,0,380
CPU Package,0,380
CPU,0,1
CPU Package,4,401
Motherboard,530,756
Motherboard,34,38
,1,5
,0,380CPU Package,0,380
CPU,0,1
CPU Package,4,401
Motherboard,530,756
Motherboard,34,38
,1,5
,0,380
CPU Package,0,380
CPU,0,1
CPU Package,4,401
Motherboard,530,756
Motherboard,34,38
,1,5
,0,380
CPU Package,0,380
CPU,0,1
CPU Package,4,401
Motherboard,530,756
Motherboard,34,38
,1,5
,0,380
CPU Package,0,380
CPU,0,1
CPU Package,4,401
Motherboard,530,756
Motherboard,34,38
,1,5
,0,380
CPU Package,0,380
CPU,0,1
CPU Package,4,401
Motherboard,530,756
Motherboard,34,38
,1,5
,0,380
CPU Package,0,380
CPU,0,1
CPU Package,4,401
Motherboard,530,756
Motherboard,34,38
,1,5
,0,380
CPU Package,0,380
CPU,0,1
CPU Package,4,401
Motherboard,530,756
Motherboard,34,38
,1,5
,0,380
CPU Package,0,380
CPU,0,1
CPU Package,4,401
Motherboard,530,756
Motherboard,34,38
,1,5
,0,380
CPU Package,0,380
CPU,0,1
CPU Package,4,401
Motherboard,530,756
Motherboard,34,38
,1,5
,0,380
CPU Package,0,380
CPU,0,1
CPU Package,4,401
Motherboard,530,756
Motherboard,34,38
,1,5
,0,380
CPU Package,0,380
CPU,0,1
CPU Package,4,401
Motherboard,530,756
Motherboard,34,38
,1,5
,0,380
CPU Package,0,380
CPU,0,1
CPU Package,4,401
Motherboard,530,756
Motherboard,34,38
,1,5
,0,380
CPU Package,0,380
CPU,0,1
CPU Package,4,401
Motherboard,530,756
Motherboard,34,38
,1,5
,0,380
CPU Package,0,380
CPU,0,1
CPU Package,4,401
Motherboard,530,756
Motherboard,34,38
,1,5
,0,380
CPU Package,0,380
CPU,0,1
CPU Package,4,401
Motherboard,530,756
Motherboard,34,38
,1,5
,0,380
CPU Package,0,380
CPU,0,1
CPU Package,4,401
Motherboard,530,756
Motherboard,34,38
,1,5
,0,380
CPU Package,0,380
CPU,0,1
CPU Package,4,401
Motherboard,530,756
Motherboard,34,38
,1,5
,0,380
CPU Package,0,380
CPU,0,1
CPU Package,4,401
Motherboard,530,756
Motherboard,34,38
,1,5
,0,380
CPU Package,0,380
CPU,0,1
CPU Package,4,401
Motherboard,530,756
Motherboard,34,38
,1,5
,0,380
CPU Package,0,380
CPU,0,1
CPU Package,4,401
Motherboard,530,756
Motherboard,34,38
,1,5
,0,380
CPU Package,0,380
CPU,0,1
CPU Package,4,401
Motherboard,530,756
Motherboard,34,38
,1,5
,0,380
CPU Package,0,380
CPU,0,1
CPU Package,4,401
Motherboard,530,756
Motherboard,34,38
,1,5
,0,380
CPU Package,0,380
CPU,0,1
CPU Package,4,401
Motherboard,530,756
Motherboard,34,38
,1,5
,0,380
CPU Package,0,380
CPU,0,1
CPU Package,4,401
Motherboard,530,756
Motherboard,34,38
,1,5
,0,380
CPU Package,0,380
CPU,0,1
CPU Package,4,401
Motherboard,530,756
Motherboard,34,38
,1,5
,0,380
CPU Package,0,380
CPU,0,1
CPU Package,4,401
Motherboard,530,756
Motherboard,34,38
,1,5
,0,380
CPU Package,0,380
CPU,0,1
CPU Package,4,401
Motherboard,530,756
Motherboard,34,38
,1,5
,0,380
CPU Package,0,380
CPU,0,1
CPU Package,4,401
Motherboard,530,756
Motherboard,34,38
,1,5
,0,380
CPU Package,0,380
CPU,0,1
CPU Package,4,401
Motherboard,530,756
Motherboard,34,38
,1,5
,0,380
CPU Package,0,380
CPU,0,1
CPU Package,4,401
Motherboard,530,756
Motherboard,34,38
,1,5
,0,380
CPU Package,0,380
CPU,0,1
CPU Package,4,401
Motherboard,530,756
Motherboard,34,38
,1,5
,0,380
CPU Package,0,380
CPU,0,1
CPU Package,4,401
Motherboard,530,756
Motherboard,34,38
,1,5
,0,380
CPU Package,0,380
CPU,0,1
CPU Package,4,401
Motherboard,530,756
Motherboard,34,38
,1,5
,0,380
CPU Package,0,380
CPU,0,1
CPU Package,4,401
Motherboard,530,756
Motherboard,34,38
,1,5
,0,380CPU Package,0,380
CPU,0,1
CPU Package,4,401
Motherboard,530,756
Motherboard,34,38
,1,5
,0,380
CPU Package,0,380
CPU,0,1
CPU Package,4,401
Motherboard,530,756
Motherboard,34,38
,1,5
,0,380
CPU Package,0,380
CPU,0,1
CPU Package,4,401
Motherboard,530,756
Motherboard,34,38
,1,5
,0,380
CPU Package,0,380
CPU,0,1
CPU Package,4,401
Motherboard,530,756
Motherboard,34,38
,1,5
,0,380
CPU Package,0,380
CPU,0,1
CPU Package,4,401
Motherboard,530,756
Motherboard,34,38
,1,5
,0,380
CPU Package,0,380
CPU,0,1
CPU Package,4,401
Motherboard,530,756
Motherboard,34,38
,1,5
,0,380
CPU Package,0,380
CPU,0,1
CPU Package,4,401
Motherboard,530,756
Motherboard,34,38
,1,5
,0,380
CPU Package,0,380
CPU,0,1
CPU Package,4,401
Motherboard,530,756
Motherboard,34,38
,1,5
,0,380
CPU Package,0,380
CPU,0,1
CPU Package,4,401
Motherboard,530,756
Motherboard,34,38
,1,5
,0,380
CPU Package,0,380
CPU,0,1
CPU Package,4,401
Motherboard,530,756
Motherboard,34,38
,1,5
,0,380
CPU Package,0,380
CPU,0,1
CPU Package,4,401
Motherboard,530,756
Motherboard,34,38
,1,5
,0,380
v
CPU Package,0,380
CPU,0,1
CPU Package,4,401
Motherboard,530,756
Motherboard,34,38
,1,5
,0,380
CPU Package,0,380
CPU,0,1
CPU Package,4,401
Motherboard,530,756
Motherboard,34,38
,1,5
,0,380
CPU Package,0,380
CPU,0,1
CPU Package,4,401
Motherboard,530,756
Motherboard,34,38
,1,5
,0,380
CPU Package,0,380
CPU,0,1
CPU Package,4,401
Motherboard,530,756
Motherboard,34,38
,1,5
,0,380
CPU Package,0,380
CPU,0,1
CPU Package,4,401
Motherboard,530,756
Motherboard,34,38
,1,5
,0,380
CPU Package,0,380
CPU,0,1
CPU Package,4,401
Motherboard,530,756
Motherboard,34,38
,1,5
,0,380
CPU Package,0,380
CPU,0,1
CPU Package,4,401
Motherboard,530,756
Motherboard,34,38
,1,5
,0,380
CPU Package,0,380
CPU,0,1
CPU Package,4,401
Motherboard,530,756
Motherboard,34,38
,1,5
,0,380
CPU Package,0,380
CPU,0,1
CPU Package,4,401
Motherboard,530,756
Motherboard,34,38
,1,5
,0,380
CPU Package,0,380
CPU,0,1
CPU Package,4,401
Motherboard,530,756
Motherboard,34,38
,1,5
,0,380
CPU Package,0,380
CPU,0,1
CPU Package,4,401
Motherboard,530,756
Motherboard,34,38
,1,5
,0,380

CPU Package,0,380
CPU,0,1
CPU Package,4,401
Motherboard,530,756
Motherboard,34,38
,1,5
,0,380
CPU Package,0,380
CPU,0,1
CPU Package,4,401
Motherboard,530,756
Motherboard,34,38
,1,5
,0,380CPU Package,0,380
CPU,0,1
CPU Package,4,401
Motherboard,530,756
Motherboard,34,38
,1,5
,0,380
CPU Package,0,380
CPU,0,1
CPU Package,4,401
Motherboard,530,756
Motherboard,34,38
,1,5
,0,380
CPU Package,0,380
CPU,0,1
CPU Package,4,401
Motherboard,530,756
Motherboard,34,38
,1,5
,0,380
CPU Package,0,380
CPU,0,1
CPU Package,4,401
Motherboard,530,756
Motherboard,34,38
,1,5
,0,380
CPU Package,0,380
CPU,0,1
CPU Package,4,401
Motherboard,530,756
Motherboard,34,38
,1,5
,0,380
CPU Package,0,380
CPU,0,1
CPU Package,4,401
Motherboard,530,756
Motherboard,34,38
,1,5
,0,380
CPU Package,0,380
CPU,0,1
CPU Package,4,401
Motherboard,530,756
Motherboard,34,38
,1,5
,0,380
CPU Package,0,380
CPU,0,1
CPU Package,4,401
Motherboard,530,756
Motherboard,34,38
,1,5
,0,380